theta_rad,theta_deg,M,X,L1
0.5041349241966203,28.884803461614027,0.011124963846786934,57.16290021215328,35391.21950490774
